topic,Compound Sentiment Score,retweet_count,favorite_count
Education,12,0.8333333333333334,7.8
Governance,956,2.2669456066945606,18.594142259414227
International,3,2.1333333333333333,11.2
Law & Order,305,6.420983606557376,39.30622950819672
National,82,3.6926829268292685,33.10243902439024
Regional,484,2.920661157024793,25.573553719008267
Security,67,5.349253731343284,31.074626865671643
Sports,287,1.4146341463414633,15.733797909407665
